-- phpMyAdmin SQL Dump
-- version 4.2.7.1
-- http://www.phpmyadmin.net
--
-- Host: 127.0.0.1
-- Generation Time: Aug 09, 2015 at 09:56 PM
-- Server version: 5.5.39
-- PHP Version: 5.4.31

SET SQL_MODE = "NO_AUTO_VALUE_ON_ZERO";
SET time_zone = "+00:00";


/*!40101 SET @OLD_CHARACTER_SET_CLIENT=@@CHARACTER_SET_CLIENT */;
/*!40101 SET @OLD_CHARACTER_SET_RESULTS=@@CHARACTER_SET_RESULTS */;
/*!40101 SET @OLD_COLLATION_CONNECTION=@@COLLATION_CONNECTION */;
/*!40101 SET NAMES utf8 */;

--
-- Database: `dpo_budget`
--

-- --------------------------------------------------------

--
-- Table structure for table `tb_account`
--

CREATE TABLE IF NOT EXISTS `tb_account` (
`acc_id` int(11) NOT NULL COMMENT 'รหัสบัญชี ',
  `acc_number1` int(11) NOT NULL,
  `acc_number2` int(11) NOT NULL,
  `acc_number3` int(11) NOT NULL,
  `acc_number4` int(11) NOT NULL,
  `acc_name` varchar(100) NOT NULL,
  `group_id` int(11) NOT NULL,
  `parent_acc_id` int(11) DEFAULT NULL,
  `acc_erp` varchar(8) DEFAULT NULL
) ENGINE=InnoDB  DEFAULT CHARSET=utf8 AUTO_INCREMENT=99 ;

--
-- Dumping data for table `tb_account`
--

INSERT INTO `tb_account` (`acc_id`, `acc_number1`, `acc_number2`, `acc_number3`, `acc_number4`, `acc_name`, `group_id`, `parent_acc_id`, `acc_erp`) VALUES
(1, 1, 0, 0, 0, '1. รายได้จากการดำเนินกิจการ', 1, NULL, NULL),
(2, 1, 1, 0, 0, '1.1. นมและผลิตภัณฑ์นม', 1, 1, NULL),
(3, 1, 1, 1, 0, '1.1.1. นมพาสเจอร์ไรส์ (พาณิชย์)', 1, 2, '41010301'),
(9, 1, 1, 1, 1, '1.1.1.1. นมพาสเจอร์ไรส์ (พาณิชย์) จืด 1,000, 200, 150 CC', 1, 3, '41010301'),
(10, 1, 1, 1, 2, '1.1.1.2. นมพาสเจอร์ไรส์ (พาณิชย์) ปรุงแต่ง 200 CC, ', 1, 3, '41010301'),
(11, 1, 1, 2, 0, '1.1.2. นมพาสเจอร์ไรส์ (โรงเรียน)', 1, 2, '41010301'),
(12, 1, 1, 2, 1, '1.1.2.1. นมพาสเจอร์ไรส์ (โรงเรียน) จืด 200 CC', 1, 11, '41010301'),
(13, 1, 1, 3, 0, '1.1.3. นมพาสเจอร์ไรส์ (DRINKING YOGHURT)', 1, 2, '41010401'),
(14, 1, 1, 4, 0, '1.1.4. นม U.H.T. (พาณิชย์)', 1, 2, '41010101'),
(15, 1, 1, 4, 2, '1.1.4.2 นม U.H.T. (พาณิชย์) จืด 200 CC', 1, 14, '41010101'),
(16, 1, 1, 4, 4, '1.1.4.4 นม U.H.T. (พาณิชย์) ปรุงแต่ง 250 CC', 1, 14, '41010101'),
(18, 1, 1, 4, 1, '1.1.4.1. นม U.H.T. (พาณิชย์) จืด 250 CC', 1, 14, '41010101'),
(21, 1, 1, 4, 3, '1.1.4.3. นม U.H.T. (พาณิชย์) จืด 125 CC', 1, 14, '41010101'),
(22, 1, 1, 4, 5, '1.1.4.5 นม U.H.T. (พาณิชย์) ปรุงแต่ง 200 CC', 1, 14, '41010101'),
(23, 1, 1, 4, 6, '1.1.4.6 นม U.H.T. (พาณิชย์) ปรุงแต่ง 125 CC', 1, 14, '41010101'),
(24, 1, 1, 4, 7, '1.1.4.7. นม U.H.T. (พาณิชย์) Low fat 200 CC', 1, 14, '41010101'),
(25, 1, 1, 4, 8, '1.1.4.8. นม U.H.T. (พาณิชย์) Strawbery 125 CC', 1, 14, '41010101'),
(26, 1, 1, 4, 9, '1.1.4.9. นม U.H.T. (พาณิชย์) DY UHT 200, 125 CC', 1, 14, '41010101'),
(27, 1, 1, 5, 0, '1.1.5. นม U.H.T. (โรงเรียน)', 1, 2, '41010101'),
(28, 1, 1, 5, 1, '1.1.5.1. นม U.H.T. (โรงเรียน) จืด 200 CC', 1, 27, '41010101'),
(29, 1, 1, 6, 0, '1.1.6. DRINKING YOGHURT (Milk fresh one)', 1, 2, '41010501'),
(30, 1, 1, 7, 0, '1.1.7. CREAM YOGHURT (ถ้วย)', 1, 2, '41010501'),
(31, 1, 1, 8, 0, '1.1.8. CREAM YOGHURT (ถ้วย 120 ml) (Milk fresh one)', 1, 2, '41010501'),
(32, 1, 1, 9, 0, '1.1.9. SOFT SERVE ICE-CREAM (Milk fresh one)', 1, 2, '41010601'),
(33, 1, 1, 10, 0, '1.1.10. CUP ICE-CREAM', 1, 2, '41010601'),
(34, 1, 1, 11, 0, '1.1.11. ครีม', 1, 2, '41010701'),
(35, 1, 1, 12, 0, '1.1.12. นมพาสเจอร์ไรส์ (BULK)', 1, 2, 'XXXXXXXX'),
(36, 1, 1, 13, 0, '1.1.13. เนย', 1, 2, 'xXXXXXXX'),
(37, 1, 1, 14, 0, '1.1.14. Drinking Yugurth 200 CC', 1, 2, 'xXXXXXXX'),
(38, 1, 1, 15, 0, '1.1.15. Value Adder Milk 200 CC', 1, 2, 'XXXXXXXX'),
(39, 1, 1, 16, 0, '1.1.16. NPD 57', 1, 2, 'XXXXXXXX'),
(40, 1, 1, 17, 0, '1.1.17 ขายนมดิบให้โรงงาน', 1, 2, '41020201'),
(41, 1, 1, 18, 0, '1.1.18 ขายนมดิบให้เอกชน', 1, 2, '41020101'),
(42, 1, 1, 19, 0, '1.1.19 นมดิบที่ อ.ส.ค. ผลิต', 1, 2, 'XXXXXXXX'),
(43, 1, 2, 0, 0, '1.2 อาหารสัตว์', 1, 1, '41030101'),
(44, 1, 3, 0, 0, '1.3 ค่าขายโค/รับจ้างเลี้ยงสัตว์', 1, 1, '41070101'),
(45, 1, 4, 0, 0, '1.4 การบริการสัตวแพทย์', 1, 1, '41050101'),
(46, 1, 5, 0, 0, '1.5 การบริการผสมเทียม', 1, 1, '41060101'),
(47, 2, 0, 0, 0, '2. รายได้อื่น ๆ', 1, NULL, '49000000'),
(48, 2, 1, 0, 0, '2.1. จำหน่ายวัสดุครภัณฑ์', 1, 47, '49040101'),
(49, 2, 2, 0, 0, '2.2. ดอกเบี้ยรับ', 1, 47, '49810101'),
(50, 2, 3, 0, 0, '2.3. ค่าฝึกอบรมเกษตรกร', 1, 47, '49010101'),
(51, 2, 4, 0, 0, '2.4. จำหน่ายวัสดุอุปกรณ์ในการเลี้ยงโค', 1, 47, 'XXXXXXXX'),
(52, 2, 5, 0, 0, '2.5. รายได้วันโคนมแห่งชาติ', 1, 47, '49050101'),
(53, 2, 6, 0, 0, '2.6. เบ็ตเตล็ดอื่น ๆ', 1, 47, '49800101'),
(60, 2, 1, 0, 0, '2.1 หมวดเงินเดือน', 2, NULL, NULL),
(61, 2, 1, 1, 0, '2.1.1 เงินเดือน/ค่าจ้าง', 2, 60, '61010101'),
(62, 2, 1, 2, 0, '2.1.2 เงินเลื่อนขั้นพิเศษ', 2, 60, NULL),
(63, 2, 1, 3, 0, '2.1.3 สำรองอัตราใหม่', 2, 60, NULL),
(64, 2, 1, 4, 0, '2.1.4 เงินช่วยค่าทำศพ/พนักงาน-ลูกจ้าง', 2, 60, NULL),
(65, 2, 1, 5, 0, '2.1.5 เงินเพิ่มพิเศษ', 2, 60, '61010201'),
(66, 2, 1, 6, 0, '2.1.6 เงินชดเชย/พนักงาน', 2, 60, '61010301'),
(67, 2, 2, 0, 0, '2.2 หมวดค่าจ้างชั่วคราว', 2, NULL, NULL),
(68, 2, 2, 1, 0, '2.2.1 ค่าจ้างชั่วคราว', 2, 67, '61020101'),
(69, 2, 1, 2, 0, '2.1.2 เงินชดเชย', 2, 67, '61010301'),
(70, 2, 2, 2, 0, '2.2.2 เงินชดเชย', 2, 67, '61010301'),
(71, 2, 3, 0, 0, '2.3 หมวดค่าตอบแทน', 3, NULL, NULL),
(72, 2, 3, 1, 0, '2.3.1 ค่าล่วงเวลา', 3, 71, '62010101'),
(73, 2, 3, 2, 0, '2.3.2 เบี้ยกรรมการ', 3, 71, '62020101'),
(74, 2, 3, 3, 0, '2.3.3 ค่าสมนาคุณ', 3, 71, '62030101'),
(75, 2, 3, 4, 0, '2.3.4 ค่าสอนพิเศษ', 3, 71, NULL),
(76, 2, 3, 5, 0, '2.3.5 ค่ารักษาพยาบาล', 3, 71, '62040101'),
(77, 2, 3, 6, 0, '2.3.6 เงินช่วยเหลือบุตร', 3, 71, '62050101'),
(78, 2, 3, 7, 0, '2.3.7 เงินช่วยเหลือการศึกษาบุตร', 3, 71, '62060101'),
(79, 2, 3, 8, 0, '2.3.8 ค่าครองชีพ', 3, 71, '62070101'),
(80, 2, 4, 0, 0, '2.4 หมวดค่าใช้สอย', 3, NULL, NULL),
(81, 2, 4, 1, 0, '2.4.1 ค่าซ่อมแซมยานพาหนะพร้อมวัสดุ', 3, 80, '63010101'),
(82, 2, 4, 2, 0, '2.4.2 ค่าซ่อมแซมอาคารฯ พร้อมวัสดุ', 3, 80, '63020101'),
(83, 2, 4, 3, 0, '2.4.3 ค่าเบี้ยเลี้ยงเดินทาง', 3, 80, '63030101'),
(84, 2, 4, 4, 0, '2.4.4 ค่าเครื่องแต่งกายในการเดินทางไปต่างประเทศ', 3, 80, '63040101'),
(85, 2, 4, 5, 0, '2.4.5 ค่าภาษี', 3, 80, '63050101'),
(86, 2, 4, 6, 0, '2.4.6 ค่าประกันภัย', 3, 80, '63060101'),
(87, 2, 4, 7, 0, '2.4.7 ค่าขนส่ง', 3, 80, '63070101'),
(88, 2, 4, 8, 0, '2.4.8 ค่าโฆษณาประชาสัมพันธ์และค่าวัสดุ', 3, 80, '63080101'),
(89, 2, 4, 9, 0, '2.4.9 ค่ารับรองและพิธีการฯ', 3, 80, '63090101'),
(90, 2, 4, 10, 0, '2.4.10 ค่าปรับและค่าธรรมเนียม', 3, 80, '63100101'),
(91, 2, 4, 11, 0, '2.4.11 ค่าจ้างเหมาบริการ', 3, 80, '63110101'),
(92, 2, 4, 12, 0, '2.4.12 ดอกเบี้ยจ่าย', 3, 80, '63120101'),
(93, 2, 4, 13, 0, '2.4.13 เงินรางวัล', 3, 80, NULL),
(94, 2, 4, 14, 0, '2.4.14 ค่าเช่า', 3, 80, '63130101'),
(95, 2, 4, 15, 0, '2.4.15 ค่าเช่าเครื่องจักร', 3, 80, '63140101'),
(96, 2, 4, 16, 0, '2.4.16 ค่าซ่อมแซมเครื่องจักรฯ พร้อมวัสดุ', 3, 80, '63150101'),
(97, 2, 4, 17, 0, '2.4.17 ค่าใช้สอยเบ็ดเตล็ด', 3, 80, '63190101'),
(98, 2, 5, 0, 0, '2.5 หมวดค่าวัสดุ', 3, NULL, NULL);

-- --------------------------------------------------------

--
-- Table structure for table `tb_acc_year`
--

CREATE TABLE IF NOT EXISTS `tb_acc_year` (
  `year` year(4) NOT NULL,
  `acc_id` int(11) NOT NULL
) ENGINE=InnoDB DEFAULT CHARSET=utf8;

--
-- Dumping data for table `tb_acc_year`
--

INSERT INTO `tb_acc_year` (`year`, `acc_id`) VALUES
(2016, 1),
(2016, 2),
(2016, 3),
(2016, 9),
(2016, 10),
(2015, 1),
(2015, 2),
(2015, 3),
(2015, 9),
(2015, 10),
(2015, 33),
(2015, 34),
(2015, 35),
(2015, 36),
(2015, 37),
(2015, 38),
(2015, 39),
(2015, 40),
(2015, 41),
(2015, 42),
(2015, 11),
(2015, 12),
(2015, 13),
(2015, 14),
(2015, 18),
(2015, 15),
(2015, 21),
(2015, 16),
(2015, 22),
(2015, 23),
(2015, 24),
(2015, 25),
(2015, 26),
(2015, 27),
(2015, 28),
(2015, 29),
(2015, 30),
(2015, 31),
(2015, 32),
(2015, 43),
(2015, 44),
(2015, 45),
(2015, 46),
(2015, 47),
(2015, 48),
(2015, 49),
(2015, 50),
(2015, 51),
(2015, 52),
(2015, 53),
(2015, 60),
(2015, 61),
(2015, 62),
(2015, 63),
(2015, 64),
(2015, 65),
(2015, 66),
(2015, 67),
(2015, 69),
(2015, 68),
(2015, 70),
(2015, 71),
(2015, 72),
(2015, 73),
(2015, 74),
(2015, 75),
(2015, 76),
(2015, 77),
(2015, 78),
(2015, 79),
(2015, 80),
(2015, 81),
(2015, 90),
(2015, 91),
(2015, 92),
(2015, 93),
(2015, 94),
(2015, 95),
(2015, 96),
(2015, 97),
(2015, 82),
(2015, 83),
(2015, 84),
(2015, 85),
(2015, 86),
(2015, 87),
(2015, 88),
(2015, 89),
(2015, 98);

-- --------------------------------------------------------

--
-- Table structure for table `tb_approve`
--

CREATE TABLE IF NOT EXISTS `tb_approve` (
  `year` year(4) NOT NULL,
  `division_id` int(11) NOT NULL,
  `approve1_lv` tinyint(1) NOT NULL DEFAULT '0',
  `approve2_lv` tinyint(1) NOT NULL DEFAULT '0'
) ENGINE=InnoDB DEFAULT CHARSET=utf8;

-- --------------------------------------------------------

--
-- Table structure for table `tb_division`
--

CREATE TABLE IF NOT EXISTS `tb_division` (
`division_id` int(11) NOT NULL COMMENT 'รหัสฝ่าย',
  `division_name` varchar(50) NOT NULL,
  `parent_division` int(11) DEFAULT NULL,
  `office_id` varchar(2) NOT NULL,
  `erp_id` varchar(5) DEFAULT NULL COMMENT 'รหัส ERP',
  `isposition` tinyint(1) NOT NULL,
  `section` int(11) NOT NULL,
  `enable` tinyint(1) NOT NULL DEFAULT '1'
) ENGINE=InnoDB  DEFAULT CHARSET=utf8 AUTO_INCREMENT=149 ;

--
-- Dumping data for table `tb_division`
--

INSERT INTO `tb_division` (`division_id`, `division_name`, `parent_division`, `office_id`, `erp_id`, `isposition`, `section`, `enable`) VALUES
(36, 'ฝ่ายบริหาร', 0, '01', '11000', 0, 0, 1),
(37, 'ผู้อำนวยการ', 36, '01', '11101', 1, 0, 1),
(38, 'รองผู้อำนายการ', 36, '01', '11201', 1, 0, 1),
(39, 'รองผู้อำนายการ1', 36, '01', '11202', 1, 0, 1),
(40, 'ผู้ช่วยผู้อำนายการ', 36, '01', '11301', 1, 0, 1),
(41, 'ฝ่ายตรวจสอบและประเมินระบบงาน', 0, '01', '12000', 0, 0, 1),
(42, 'กลุ่มงานตรวจสอบอำนวยการ', 41, '01', '12100', 0, 0, 1),
(43, 'กลุ่มงานตรวจสอบระบบงาน', 41, '01', '12200', 0, 0, 1),
(44, 'กลุ่มงานตรวจสอบบัญชีการเงิน', 41, '01', '12300', 0, 0, 1),
(45, 'ฝ่ายอำนวยการ', 0, '01', '13000', 0, 0, 1),
(46, 'กองเลขานุการ', 45, '01', '13100', 0, 0, 1),
(47, 'แผนกเลขานุการ', 45, '01', '13101', 0, 0, 1),
(48, 'แผนกการประชุม', 45, '01', '13102', 0, 0, 1),
(49, 'ฝ่ายบริหาร - รวม', 36, '01', '11TTT', 0, 0, 1),
(50, 'ฝ่ายตรวจสอบและประเมินระบบงาน - รวม', 41, '01', '12TTT', 0, 0, 1),
(51, 'กองเลขานุการ - รวม', 45, '01', '131TT', 0, 0, 1),
(52, 'กองประชาสัมพันธ์และความปลอดภัยในการทำงาน', 45, '01', '13200', 0, 0, 1),
(53, 'แผนกประชาสัมพันธ์', 45, '01', '13201', 0, 0, 1),
(54, 'แผนกความปลอดภัยในการทำงาน', 45, '01', '13202', 0, 0, 1),
(55, 'กองประชาสัมพันธ์และความปลอดภัยในการทำงาน - รวม', 45, '01', '132TT', 0, 0, 1),
(56, 'ฝ่ายอำนายการ - รวม', 45, '01', '13TTT', 0, 0, 1),
(57, 'ฝ่ายนโยบายและแผนงาน', 0, '01', '14000', 0, 0, 1),
(58, 'กองแผนงานและโครงการ', 57, '01', '14100', 0, 0, 1),
(59, 'แผนกแผนงานและงบประมาณ', 57, '01', '14101', 0, 0, 1),
(60, 'แผนกติดตามและประเมินผล', 57, '01', '14102', 0, 0, 1),
(61, 'แผนกบริหารความเสี่ยงและควบคุมภายใน', 57, '01', '14103', 0, 0, 1),
(62, 'กองแผนงานและโครงการ - รวม', 57, '01', '141TT', 0, 0, 1),
(63, 'กองเทคโนโลยีสารสนเทศ', 57, '01', '14200', 0, 0, 1),
(64, 'แผนกสารสนเทศงานบริหาร', 57, '01', '14201', 0, 0, 1),
(65, 'แผนกพัฒนาระบบสารสนเทศ', 57, '01', '14202', 0, 0, 1),
(66, 'แผนกเทคโนโลยีและเครือข่าย', 57, '01', '14203', 0, 0, 1),
(67, 'กองเทคโนโลยีสารสนเทศ - รวม', 57, '01', '142TT', 0, 0, 1),
(68, 'ฝ่ายนโยบายและแผนงาน - รวม', 57, '01', '14TTT', 0, 0, 1),
(69, 'ฝ่ายทรัพยากรบุคคล', 0, '01', '15000', 0, 0, 1),
(70, 'กองบริหารทรัพยากรบุคคล', 69, '01', '15100', 0, 0, 1),
(71, 'แผนกทรัพยากรบุคคล', 69, '01', '15101', 0, 0, 1),
(72, 'แผนกพัฒนาทรัพยากรบุคคล', 69, '01', '15102', 0, 0, 1),
(73, 'แผนกวินัยและสวัสดิการ', 69, '01', '15103', 0, 0, 1),
(74, 'กองบริหารทรัพยากรบุคคล - รวม', 69, '01', '151TT', 0, 0, 1),
(75, 'กองกฎหมาย', 69, '01', '15200', 0, 0, 1),
(76, 'แผนกนิติกรรมสัญญาและคดี', 69, '01', '15201', 0, 0, 1),
(77, 'แผนกนิติการและระเบียบ', 69, '01', '15202', 0, 0, 1),
(78, 'กองกฎหมาย - รวม', 69, '01', '152TT', 0, 0, 1),
(79, 'ฝ่ายทรัพยากรบุคคล - รวม', 69, '01', '15TTT', 0, 0, 1),
(80, 'ฝ่ายบัญชีและการเงิน', 0, '01', '16000', 0, 0, 1),
(81, 'กองการบัญชี', 80, '01', '16100', 0, 0, 1),
(82, 'แผนกบัญชีการเงิน', 80, '01', '16101', 0, 0, 1),
(83, 'แผนกประมวลและรายงานทางการเงิน', 80, '01', '16102', 0, 0, 1),
(84, 'กองการบัญชี - รวม', 80, '01', '161TT', 0, 0, 1),
(85, 'กองการเงิน', 80, '01', '16200', 0, 0, 1),
(86, 'แผนกการเงิน', 80, '01', '16201', 0, 0, 1),
(87, 'แผนกบริหารการเงิน', 80, '01', '16202', 0, 0, 1),
(88, 'กองการเงิน - รวม', 80, '01', '162TT', 0, 0, 1),
(89, 'ฝ่ายบัญชีและการเงิน - รวม', 80, '01', '16TTT', 0, 0, 1),
(90, 'ฝ่ายพัสดุและบริการ', 0, '01', '17000', 0, 0, 1),
(91, 'กองพัสดุ', 90, '01', '17100', 0, 0, 1),
(92, 'แผนกจัดซื้อจัดจ้าง', 90, '01', '17101', 0, 0, 1),
(93, 'แผนกควบคุมพัสดุ', 90, '01', '17102', 0, 0, 1),
(94, 'กองพัสดุ - รวม', 90, '01', '171TT', 0, 0, 1),
(95, 'กองอาคารสถานที่และบริการทั่วไป', 90, '01', '17200', 0, 0, 1),
(96, 'แผนกรักษาความปลอดภัย', 90, '01', '17201', 0, 0, 1),
(97, 'แผนกออกแบบก่อสร้าง', 90, '01', '17202', 0, 0, 1),
(98, 'แผนกอาคารสถานที่และบริการทั่วไป', 90, '01', '17203', 0, 0, 1),
(99, 'กองอาคารสถานที่และบริการทั่วไป - รวม', 90, '01', '172TT', 0, 0, 1),
(100, 'ฝ่ายพัสดุและบริการ - รวม', 90, '01', '17TTT', 0, 0, 1),
(101, 'ฝ่ายการตลาด และการขาย', 0, '01', '18000', 0, 0, 1),
(102, 'กองการตลาด', 101, '01', '18100', 0, 0, 1),
(103, 'แผนกบริหารการตลาด', 101, '01', '18101', 0, 0, 1),
(104, 'แผนกส่งเสริมการตลาด', 101, '01', '18102', 0, 0, 1),
(105, 'กองการตลาด - รวม', 101, '01', '181TT', 0, 0, 1),
(106, 'กองการขาย', 101, '01', '18200', 0, 0, 1),
(107, 'แผนกบริหารการขาย', 101, '01', '18201', 0, 0, 1),
(108, 'แผนกขายกรุงเทพฯและปริมณฑล', 101, '01', '18202', 0, 0, 1),
(109, 'แผนกลูกค้าสัมพันธ์', 101, '01', '18203', 0, 0, 1),
(110, 'แผนกการค้าระหว่างประเทศ', 101, '01', '18204', 0, 0, 1),
(111, 'กองการขาย - รวม', 101, '01', '182TT', 0, 0, 1),
(112, 'กองเลขานุการคณะกรรมการโคนมและผลิตภัณฑ์นม', 101, '01', '18300', 0, 0, 1),
(113, 'แผนกเลขานุการและการประชุม', 101, '01', '18301', 0, 0, 1),
(114, 'แผนกบริหารจัดการตามมติคณะกรรมการ', 101, '01', '18302', 0, 0, 1),
(115, 'กองเลขานุการคณะกรรมการโคนมและผลิตภัณฑ์นม - รวม', 101, '01', '183TT', 0, 0, 1),
(116, 'ฝ่ายการตลาดและการขาย - รวม', 101, '01', '18TTT', 0, 0, 1),
(117, 'ฝ่ายวิจัยและพัฒนา การเลี้ยงโคนม', 0, '01', '19000', 0, 0, 1),
(118, 'กองพัฒนาการเลี้ยงโคนม', 117, '01', '19100', 0, 0, 1),
(119, 'แผนกพัฒนาการเลี้ยงโคนม', 117, '01', '19101', 0, 0, 1),
(120, 'แผนกถ่ายทอดเทคโนโลยีการเลี้ยงโคนม', 117, '01', '19102', 0, 0, 1),
(121, 'แผนกวิชาการโคนม', 117, '01', '19103', 0, 0, 1),
(122, 'กองพัฒนาการเลี้ยงโคนม - รวม', 117, '01', '191TT', 0, 0, 1),
(123, 'กองงานฟาร์ม', 117, '01', '19200', 0, 0, 1),
(124, 'แผนกฟาร์มอินทรีย์', 117, '01', '19201', 0, 0, 1),
(125, 'แผนกอาหารโคนม', 117, '01', '19202', 0, 0, 1),
(126, 'แผนกผลิตน้าเชื้อและพิสูจน์พันธุ์โคนม', 117, '01', '19203', 0, 0, 1),
(127, 'กองงานฟาร์ม - รวม', 117, '01', '192TT', 0, 0, 1),
(128, 'ฝ่ายวิจัยและพัฒนาการเลี้ยงโคนม - รวม', 117, '01', '19TTT', 0, 0, 1),
(129, 'ฝ่ายส่งเสริมการเลี้ยงโคนม', 0, '01', '20000', 0, 0, 1),
(130, 'กองบริการปัจจัยการเลี้ยงโคนม', 129, '01', '20100', 0, 0, 1),
(131, 'แผนกบริหารงานทั่วไป', 129, '01', '20101', 0, 0, 1),
(132, 'แผนกบริการปัจจัยการเลี้ยงโคนม', 129, '01', '20102', 0, 0, 1),
(133, 'กองบริการปัจจัยการเลี้ยงโคนม - รวม', 129, '01', '201TT', 0, 0, 1),
(134, 'กองส่งเสริมการเลี้ยงโคนม', 129, '01', '20200', 0, 0, 1),
(135, 'แผนกส่งเสริมการเลี้ยงโคนมภาคกลาง', 129, '01', '20201', 0, 0, 1),
(136, 'แผนกสัตวแพทย์และผลมเทียม', 129, '01', '20202', 0, 0, 1),
(137, 'กองส่งเสริมการเลี้ยงโคนม - รวม', 129, '01', '202TT', 0, 0, 1),
(138, 'ฝ่ายส่งเสริมการเลี้ยงโคนม - รวม', 129, '01', '20TTT', 0, 0, 1),
(139, 'ฝ่ายท่องเที่ยวเชิงเกษตร', 129, '01', '21000', 0, 0, 1),
(140, 'กองบริหารงานทั่วไป', 129, '01', '21100', 0, 0, 1),
(141, 'แผนกบริหารการท่องเที่ยว', 129, '01', '21102', 0, 0, 1),
(142, 'กองบริหารงานทั่วไป - รวม', 129, '01', '211TT', 0, 0, 1),
(143, 'กองท่องเที่ยวและโครงการพิเศษ', 129, '01', '21200', 0, 0, 1),
(144, 'แผนกกสิกรรมธรรมชาติ', 129, '01', '21201', 0, 0, 1),
(145, 'แผนกโครงการพิเศษ', 129, '01', '21202', 0, 0, 1),
(146, 'กองท่องเที่ยวและโครงการพิเศษ - รวม', 129, '01', '212TT', 0, 0, 1),
(147, 'ฝ่ายท่องเที่ยวเชิงเกษตร - รวม', 129, '01', '21TTT', 0, 0, 1),
(148, 'สำนักงานใหญ่ (สนญ) - รวม', 0, '01', '2TTTT', 0, 0, 1);

-- --------------------------------------------------------

--
-- Table structure for table `tb_group`
--

CREATE TABLE IF NOT EXISTS `tb_group` (
`group_id` int(11) NOT NULL COMMENT 'รหัสหมวด',
  `group_name` varchar(50) NOT NULL COMMENT 'ชื่อหมวด',
  `type_id` int(11) NOT NULL COMMENT 'รหัสประเภท'
) ENGINE=InnoDB  DEFAULT CHARSET=utf8 AUTO_INCREMENT=5 ;

--
-- Dumping data for table `tb_group`
--

INSERT INTO `tb_group` (`group_id`, `group_name`, `type_id`) VALUES
(1, 'รายได้', 1),
(2, 'งบบุคลากร', 2),
(3, 'งบดำเนินการ', 2),
(4, 'งบรายจ่ายอื่น ๆ', 2);

-- --------------------------------------------------------

--
-- Table structure for table `tb_month`
--

CREATE TABLE IF NOT EXISTS `tb_month` (
`month_id` int(11) NOT NULL COMMENT 'ลำดับเดือน',
  `month_name` varchar(10) NOT NULL COMMENT 'ชื่อเดือน',
  `month_name_simple` varchar(5) NOT NULL COMMENT 'ชื่อย่อเดือน',
  `month_name_erp` varchar(7) NOT NULL,
  `quarter` tinyint(1) NOT NULL
) ENGINE=InnoDB  DEFAULT CHARSET=utf8 AUTO_INCREMENT=13 ;

--
-- Dumping data for table `tb_month`
--

INSERT INTO `tb_month` (`month_id`, `month_name`, `month_name_simple`, `month_name_erp`, `quarter`) VALUES
(1, 'มกราคม', 'ม.ค.', 'JAN', 2),
(2, 'กุมภาพันธ์', 'ก.พ.', 'FEB', 2),
(3, 'มีนาคม', 'มี.ค.', 'MAR', 2),
(4, 'เมษายน', 'เม.ย.', 'APR', 3),
(5, 'พฤษภาคม', 'พ.ค.', 'MAY', 3),
(6, 'มิถุนายน', 'มิ.ย.', 'JUN', 3),
(7, 'กรกฎาคม', 'ก.ค.', 'JUL', 4),
(8, 'สิงหาคม', 'ส.ค.', 'AUG', 4),
(9, 'กันยายน', 'ก.ย.', 'SEP', 4),
(10, 'ตุลาคม', 'ต.ค.', 'OCT', 1),
(11, 'พฤศจิกายน', 'พ.ย.', 'NOV', 1),
(12, 'ธันวาคม', 'ธ.ค.', 'DEC', 1);

-- --------------------------------------------------------

--
-- Table structure for table `tb_month_goal`
--

CREATE TABLE IF NOT EXISTS `tb_month_goal` (
`month_goal_id` int(11) NOT NULL COMMENT 'รหัสเป้าหมายรายเดือน',
  `acc_id` int(11) NOT NULL COMMENT 'รหัสบัญชี',
  `value` decimal(10,2) NOT NULL COMMENT 'ยอด',
  `month_id` int(11) NOT NULL COMMENT 'ลำดับเดือน',
  `year` year(4) NOT NULL COMMENT 'ปี',
  `user_id` int(11) NOT NULL COMMENT 'หมายเลขผู้ใช้งาน',
  `division_id` int(11) NOT NULL,
  `version` tinyint(4) NOT NULL DEFAULT '0' COMMENT 'เวอร์ชั่นไฟล์',
  `approve1_lv` tinyint(1) NOT NULL DEFAULT '0' COMMENT 'ระดับยืนยันข้อมูลรอบแรก [0-3]',
  `approve2_lv` tinyint(1) NOT NULL DEFAULT '0'
) ENGINE=InnoDB  DEFAULT CHARSET=utf8 AUTO_INCREMENT=145 ;

--
-- Dumping data for table `tb_month_goal`
--

INSERT INTO `tb_month_goal` (`month_goal_id`, `acc_id`, `value`, `month_id`, `year`, `user_id`, `division_id`, `version`, `approve1_lv`, `approve2_lv`) VALUES
(127, 9, '123.00', 1, 2015, 15, 71, 2, 0, 0),
(129, 9, '123.00', 2, 2015, 15, 71, 2, 0, 0),
(131, 9, '1231.00', 3, 2015, 15, 71, 2, 0, 0),
(133, 9, '123.00', 4, 2015, 15, 71, 2, 0, 0),
(135, 9, '123.00', 5, 2015, 15, 71, 2, 0, 0),
(137, 9, '123.00', 6, 2015, 15, 71, 2, 0, 0),
(139, 9, '123.00', 7, 2015, 15, 71, 2, 0, 0),
(141, 9, '23.00', 8, 2015, 15, 71, 2, 0, 0),
(143, 9, '23.00', 9, 2015, 15, 71, 2, 0, 0),
(121, 9, '123.00', 10, 2015, 15, 71, 2, 0, 0),
(123, 9, '123.00', 11, 2015, 15, 71, 2, 0, 0),
(125, 9, '123.00', 12, 2015, 15, 71, 2, 0, 0),
(128, 10, '123.00', 1, 2015, 15, 71, 2, 0, 0),
(130, 10, '123.00', 2, 2015, 15, 71, 2, 0, 0),
(132, 10, '123.00', 3, 2015, 15, 71, 2, 0, 0),
(134, 10, '123.00', 4, 2015, 15, 71, 2, 0, 0),
(136, 10, '123.00', 5, 2015, 15, 71, 2, 0, 0),
(138, 10, '123.00', 6, 2015, 15, 71, 2, 0, 0),
(140, 10, '123.00', 7, 2015, 15, 71, 2, 0, 0),
(142, 10, '123.00', 8, 2015, 15, 71, 2, 0, 0),
(144, 10, '2554.00', 9, 2015, 15, 71, 2, 0, 0),
(122, 10, '123.00', 10, 2015, 15, 71, 2, 0, 0),
(124, 10, '123.00', 11, 2015, 15, 71, 2, 0, 0),
(126, 10, '123.00', 12, 2015, 15, 71, 2, 0, 0),
(112, 37, '1.00', 1, 2015, 12, 75, 1, 0, 0),
(113, 37, '1.00', 2, 2015, 12, 75, 1, 0, 0),
(114, 37, '1.00', 3, 2015, 12, 75, 1, 0, 0),
(115, 37, '1.00', 4, 2015, 12, 75, 1, 0, 0),
(116, 37, '1.00', 5, 2015, 12, 75, 1, 0, 0),
(117, 37, '1.00', 6, 2015, 12, 75, 1, 0, 0),
(118, 37, '1.00', 7, 2015, 12, 75, 1, 0, 0),
(119, 37, '1.00', 8, 2015, 12, 75, 1, 0, 0),
(120, 37, '1.00', 9, 2015, 12, 75, 1, 0, 0),
(109, 37, '1.00', 10, 2015, 12, 75, 1, 0, 0),
(110, 37, '1.00', 11, 2015, 12, 75, 1, 0, 0),
(111, 37, '1.00', 12, 2015, 12, 75, 1, 0, 0),
(28, 61, '876.00', 1, 2015, 15, 71, 2, 0, 0),
(37, 61, '9876.00', 2, 2015, 15, 71, 2, 0, 0),
(46, 61, '456.00', 3, 2015, 15, 71, 2, 0, 0),
(55, 61, '3456.00', 4, 2015, 15, 71, 2, 0, 0),
(64, 61, '435.00', 5, 2015, 15, 71, 2, 0, 0),
(73, 61, '345.00', 6, 2015, 15, 71, 2, 0, 0),
(82, 61, '45.00', 7, 2015, 15, 71, 2, 0, 0),
(91, 61, '457.00', 8, 2015, 15, 71, 2, 0, 0),
(100, 61, '45.00', 9, 2015, 15, 71, 2, 0, 0),
(1, 61, '20000.00', 10, 2015, 15, 71, 2, 0, 0),
(10, 61, '1.00', 11, 2015, 15, 71, 2, 0, 0),
(19, 61, '1.00', 12, 2015, 15, 71, 2, 0, 0),
(29, 62, '345.00', 1, 2015, 15, 71, 2, 0, 0),
(38, 62, '345.00', 2, 2015, 15, 71, 2, 0, 0),
(47, 62, '345.00', 3, 2015, 15, 71, 2, 0, 0),
(56, 62, '23456.00', 4, 2015, 15, 71, 2, 0, 0),
(65, 62, '3456.00', 5, 2015, 15, 71, 2, 0, 0),
(74, 62, '3456.00', 6, 2015, 15, 71, 2, 0, 0),
(83, 62, '567.00', 7, 2015, 15, 71, 2, 0, 0),
(92, 62, '457.00', 8, 2015, 15, 71, 2, 0, 0),
(101, 62, '45.00', 9, 2015, 15, 71, 2, 0, 0),
(2, 62, '20000.00', 10, 2015, 15, 71, 2, 0, 0),
(11, 62, '1.00', 11, 2015, 15, 71, 2, 0, 0),
(20, 62, '1.00', 12, 2015, 15, 71, 2, 0, 0),
(30, 63, '345.00', 1, 2015, 15, 71, 2, 0, 0),
(39, 63, '345.00', 2, 2015, 15, 71, 2, 0, 0),
(48, 63, '2345.00', 3, 2015, 15, 71, 2, 0, 0),
(57, 63, '456.00', 4, 2015, 15, 71, 2, 0, 0),
(66, 63, '345.00', 5, 2015, 15, 71, 2, 0, 0),
(75, 63, '3456.00', 6, 2015, 15, 71, 2, 0, 0),
(84, 63, '567.00', 7, 2015, 15, 71, 2, 0, 0),
(93, 63, '567.00', 8, 2015, 15, 71, 2, 0, 0),
(102, 63, '456.00', 9, 2015, 15, 71, 2, 0, 0),
(3, 63, '5000.00', 10, 2015, 15, 71, 2, 0, 0),
(12, 63, '1.00', 11, 2015, 15, 71, 2, 0, 0),
(21, 63, '5556.00', 12, 2015, 15, 71, 2, 0, 0),
(31, 64, '3456.00', 1, 2015, 15, 71, 2, 0, 0),
(40, 64, '34567.00', 2, 2015, 15, 71, 2, 0, 0),
(49, 64, '678.00', 3, 2015, 15, 71, 2, 0, 0),
(58, 64, '34567.00', 4, 2015, 15, 71, 2, 0, 0),
(67, 64, '3456.00', 5, 2015, 15, 71, 2, 0, 0),
(76, 64, '3456.00', 6, 2015, 15, 71, 2, 0, 0),
(85, 64, '56.00', 7, 2015, 15, 71, 2, 0, 0),
(94, 64, '463.00', 8, 2015, 15, 71, 2, 0, 0),
(103, 64, '45.00', 9, 2015, 15, 71, 2, 0, 0),
(4, 64, '5000.00', 10, 2015, 15, 71, 2, 0, 0),
(13, 64, '1.00', 11, 2015, 15, 71, 2, 0, 0),
(22, 64, '345.00', 12, 2015, 15, 71, 2, 0, 0),
(32, 65, '3456.00', 1, 2015, 15, 71, 2, 0, 0),
(41, 65, '3456.00', 2, 2015, 15, 71, 2, 0, 0),
(50, 65, '678.00', 3, 2015, 15, 71, 2, 0, 0),
(59, 65, '345.00', 4, 2015, 15, 71, 2, 0, 0),
(68, 65, '345.00', 5, 2015, 15, 71, 2, 0, 0),
(77, 65, '89.00', 6, 2015, 15, 71, 2, 0, 0),
(86, 65, '7567.00', 7, 2015, 15, 71, 2, 0, 0),
(95, 65, '456.00', 8, 2015, 15, 71, 2, 0, 0),
(104, 65, '456.00', 9, 2015, 15, 71, 2, 0, 0),
(5, 65, '2000.00', 10, 2015, 15, 71, 2, 0, 0),
(14, 65, '1.00', 11, 2015, 15, 71, 2, 0, 0),
(23, 65, '2345.00', 12, 2015, 15, 71, 2, 0, 0),
(33, 66, '1234.00', 1, 2015, 15, 71, 2, 0, 0),
(42, 66, '4567.00', 2, 2015, 15, 71, 2, 0, 0),
(51, 66, '34567.00', 3, 2015, 15, 71, 2, 0, 0),
(60, 66, '3456.00', 4, 2015, 15, 71, 2, 0, 0),
(69, 66, '3456.00', 5, 2015, 15, 71, 2, 0, 0),
(78, 66, '98.00', 6, 2015, 15, 71, 2, 0, 0),
(87, 66, '547.00', 7, 2015, 15, 71, 2, 0, 0),
(96, 66, '456.00', 8, 2015, 15, 71, 2, 0, 0),
(105, 66, '436.00', 9, 2015, 15, 71, 2, 0, 0),
(6, 66, '50000.00', 10, 2015, 15, 71, 2, 0, 0),
(15, 66, '1.00', 11, 2015, 15, 71, 2, 0, 0),
(24, 66, '345.00', 12, 2015, 15, 71, 2, 0, 0),
(35, 68, '4567.00', 1, 2015, 15, 71, 2, 0, 0),
(44, 68, '345.00', 2, 2015, 15, 71, 2, 0, 0),
(53, 68, '34567.00', 3, 2015, 15, 71, 2, 0, 0),
(62, 68, '3456.00', 4, 2015, 15, 71, 2, 0, 0),
(71, 68, '3456.00', 5, 2015, 15, 71, 2, 0, 0),
(80, 68, '4567.00', 6, 2015, 15, 71, 2, 0, 0),
(89, 68, '56.00', 7, 2015, 15, 71, 2, 0, 0),
(98, 68, '456.00', 8, 2015, 15, 71, 2, 0, 0),
(107, 68, '3456.00', 9, 2015, 15, 71, 2, 0, 0),
(8, 68, '5000.00', 10, 2015, 15, 71, 2, 0, 0),
(17, 68, '1.00', 11, 2015, 15, 71, 2, 0, 0),
(26, 68, '2345.00', 12, 2015, 15, 71, 2, 0, 0),
(34, 69, '3456.00', 1, 2015, 15, 71, 2, 0, 0),
(43, 69, '56456.00', 2, 2015, 15, 71, 2, 0, 0),
(52, 69, '3456.00', 3, 2015, 15, 71, 2, 0, 0),
(61, 69, '34567.00', 4, 2015, 15, 71, 2, 0, 0),
(70, 69, '456.00', 5, 2015, 15, 71, 2, 0, 0),
(79, 69, '3456.00', 6, 2015, 15, 71, 2, 0, 0),
(88, 69, '547.00', 7, 2015, 15, 71, 2, 0, 0),
(97, 69, '436.00', 8, 2015, 15, 71, 2, 0, 0),
(106, 69, '456.00', 9, 2015, 15, 71, 2, 0, 0),
(7, 69, '30000.00', 10, 2015, 15, 71, 2, 0, 0),
(16, 69, '1.00', 11, 2015, 15, 71, 2, 0, 0),
(25, 69, '4567.00', 12, 2015, 15, 71, 2, 0, 0),
(36, 70, '567.00', 1, 2015, 15, 71, 2, 0, 0),
(45, 70, '2345.00', 2, 2015, 15, 71, 2, 0, 0),
(54, 70, '3456.00', 3, 2015, 15, 71, 2, 0, 0),
(63, 70, '3456.00', 4, 2015, 15, 71, 2, 0, 0),
(72, 70, '2345.00', 5, 2015, 15, 71, 2, 0, 0),
(81, 70, '456.00', 6, 2015, 15, 71, 2, 0, 0),
(90, 70, '567.00', 7, 2015, 15, 71, 2, 0, 0),
(99, 70, '436.00', 8, 2015, 15, 71, 2, 0, 0),
(108, 70, '436.00', 9, 2015, 15, 71, 2, 0, 0),
(9, 70, '20000.00', 10, 2015, 15, 71, 2, 0, 0),
(18, 70, '1.00', 11, 2015, 15, 71, 2, 0, 0),
(27, 70, '23456.00', 12, 2015, 15, 71, 2, 0, 0);

-- --------------------------------------------------------

--
-- Table structure for table `tb_position`
--

CREATE TABLE IF NOT EXISTS `tb_position` (
`position_id` int(11) NOT NULL COMMENT 'รหัสตำแหน่ง',
  `position_name` varchar(20) NOT NULL COMMENT 'ชื่อตำแหน่ง'
) ENGINE=InnoDB  DEFAULT CHARSET=utf8 AUTO_INCREMENT=4 ;

--
-- Dumping data for table `tb_position`
--

INSERT INTO `tb_position` (`position_id`, `position_name`) VALUES
(1, 'หัวหน้าแผนก'),
(2, 'หัวหน้าฝ่าย'),
(3, 'Administrator');

-- --------------------------------------------------------

--
-- Table structure for table `tb_profile_fill`
--

CREATE TABLE IF NOT EXISTS `tb_profile_fill` (
  `owner_div_id` int(11) NOT NULL,
  `division_id` int(11) NOT NULL
) ENGINE=InnoDB DEFAULT CHARSET=utf8;

--
-- Dumping data for table `tb_profile_fill`
--

INSERT INTO `tb_profile_fill` (`owner_div_id`, `division_id`) VALUES
(36, 0),
(1, 1),
(1, 4),
(1, 5),
(71, 71),
(81, 75);

-- --------------------------------------------------------

--
-- Table structure for table `tb_section`
--

CREATE TABLE IF NOT EXISTS `tb_section` (
  `section_id` int(11) NOT NULL,
  `section_name` varchar(50) NOT NULL
) ENGINE=InnoDB DEFAULT CHARSET=utf8;

--
-- Dumping data for table `tb_section`
--

INSERT INTO `tb_section` (`section_id`, `section_name`) VALUES
(1, 'ด้านบริหาร'),
(2, 'ด้านอำนวยการ'),
(3, 'ด้านกิจการโคนม'),
(4, 'ด้านอุตสาหกรรม');

-- --------------------------------------------------------

--
-- Table structure for table `tb_type`
--

CREATE TABLE IF NOT EXISTS `tb_type` (
`type_id` int(11) NOT NULL COMMENT 'รหัสประเภท',
  `type_name` varchar(50) NOT NULL COMMENT 'ประเภท'
) ENGINE=InnoDB  DEFAULT CHARSET=utf8 AUTO_INCREMENT=3 ;

--
-- Dumping data for table `tb_type`
--

INSERT INTO `tb_type` (`type_id`, `type_name`) VALUES
(1, 'รายได้'),
(2, 'รายจ่าย');

-- --------------------------------------------------------

--
-- Table structure for table `tb_user`
--

CREATE TABLE IF NOT EXISTS `tb_user` (
`user_id` int(11) NOT NULL COMMENT 'รหัสสมาชิก',
  `username` varchar(20) NOT NULL COMMENT 'Username',
  `password` varchar(40) NOT NULL COMMENT 'Password',
  `fname` varchar(30) NOT NULL COMMENT 'ชื่อ',
  `lname` varchar(30) NOT NULL COMMENT 'นามสกุล',
  `gender` enum('ชาย','หญิง') NOT NULL COMMENT 'เพศ',
  `person_id` varchar(13) NOT NULL COMMENT 'รหัสประจำตัวประชาชน',
  `division_id` int(11) DEFAULT NULL COMMENT 'รหัสฝ่าย',
  `position_id` int(11) NOT NULL COMMENT 'รหัสตำแหน่ง',
  `enable` tinyint(1) NOT NULL DEFAULT '1' COMMENT 'กำหนดให้ใช้งาน'
) ENGINE=InnoDB  DEFAULT CHARSET=utf8 AUTO_INCREMENT=16 ;

--
-- Dumping data for table `tb_user`
--

INSERT INTO `tb_user` (`user_id`, `username`, `password`, `fname`, `lname`, `gender`, `person_id`, `division_id`, `position_id`, `enable`) VALUES
(1, 'admin', 'bcc04a74f99ed1ae0246147dcd1b76aa', 'ทดสอบ', 'ผู้ดูแล', 'ชาย', '0000000000001', NULL, 3, 1),
(11, 'hdiv', 'e3993cbee8562bab025cd36d43a17ceb', 'ทดสอบ', 'ฝ่าย', 'หญิง', '1100000000008', 36, 2, 1),
(12, 'hdep', 'e3993cbee8562bab025cd36d43a17ceb', 'ทดสอบ', 'แผนก', 'หญิง', '1000000000009', 81, 1, 1),
(13, 'hdep2', 'e3993cbee8562bab025cd36d43a17ceb', 'ทดสอบ', 'แผนก', 'ชาย', '1200000000007', 4, 1, 1),
(14, 'bankball', 'e3993cbee8562bab025cd36d43a17ceb', 'นอน', 'ง่วงนอน', 'ชาย', '1100701623150', 11, 1, 0),
(15, 'dephr', '58eeeea43fe182a3a00819b2b1bbaa62', 'ทดสอบ', 'แผนกทรัพยากรบุคคล', 'ชาย', '2222222222227', 71, 1, 1);

-- --------------------------------------------------------

--
-- Table structure for table `tb_version`
--

CREATE TABLE IF NOT EXISTS `tb_version` (
  `month_goal_id` int(11) NOT NULL,
  `value` decimal(10,2) NOT NULL,
  `version` tinyint(4) NOT NULL
) ENGINE=InnoDB DEFAULT CHARSET=utf8;

--
-- Dumping data for table `tb_version`
--

INSERT INTO `tb_version` (`month_goal_id`, `value`, `version`) VALUES
(1, '20000.00', 1),
(1, '20000.00', 2),
(2, '20000.00', 1),
(2, '20000.00', 2),
(3, '5000.00', 1),
(3, '5000.00', 2),
(4, '5000.00', 1),
(4, '5000.00', 2),
(5, '2000.00', 1),
(5, '2000.00', 2),
(6, '50000.00', 1),
(6, '50000.00', 2),
(7, '30000.00', 1),
(7, '30000.00', 2),
(8, '5000.00', 1),
(8, '5000.00', 2),
(9, '20000.00', 1),
(9, '20000.00', 2),
(10, '1.00', 1),
(10, '1.00', 2),
(11, '1.00', 1),
(11, '1.00', 2),
(12, '1.00', 1),
(12, '1.00', 2),
(13, '1.00', 1),
(13, '1.00', 2),
(14, '1.00', 1),
(14, '1.00', 2),
(15, '1.00', 1),
(15, '1.00', 2),
(16, '1.00', 1),
(16, '1.00', 2),
(17, '1.00', 1),
(17, '1.00', 2),
(18, '1.00', 1),
(18, '1.00', 2),
(19, '1.00', 1),
(19, '1.00', 2),
(20, '1.00', 1),
(20, '1.00', 2),
(21, '5556.00', 1),
(21, '5556.00', 2),
(22, '345.00', 1),
(22, '345.00', 2),
(23, '2345.00', 1),
(23, '2345.00', 2),
(24, '345.00', 1),
(24, '345.00', 2),
(25, '4567.00', 1),
(25, '4567.00', 2),
(26, '2345.00', 1),
(26, '2345.00', 2),
(27, '23456.00', 1),
(27, '23456.00', 2),
(28, '876.00', 1),
(28, '876.00', 2),
(29, '345.00', 1),
(29, '345.00', 2),
(30, '345.00', 1),
(30, '345.00', 2),
(31, '3456.00', 1),
(31, '3456.00', 2),
(32, '3456.00', 1),
(32, '3456.00', 2),
(33, '1234.00', 1),
(33, '1234.00', 2),
(34, '3456.00', 1),
(34, '3456.00', 2),
(35, '4567.00', 1),
(35, '4567.00', 2),
(36, '567.00', 1),
(36, '567.00', 2),
(37, '9876.00', 1),
(37, '9876.00', 2),
(38, '345.00', 1),
(38, '345.00', 2),
(39, '345.00', 1),
(39, '345.00', 2),
(40, '34567.00', 1),
(40, '34567.00', 2),
(41, '3456.00', 1),
(41, '3456.00', 2),
(42, '4567.00', 1),
(42, '4567.00', 2),
(43, '56456.00', 1),
(43, '56456.00', 2),
(44, '345.00', 1),
(44, '345.00', 2),
(45, '2345.00', 1),
(45, '2345.00', 2),
(46, '456.00', 1),
(46, '456.00', 2),
(47, '345.00', 1),
(47, '345.00', 2),
(48, '2345.00', 1),
(48, '2345.00', 2),
(49, '678.00', 1),
(49, '678.00', 2),
(50, '678.00', 1),
(50, '678.00', 2),
(51, '34567.00', 1),
(51, '34567.00', 2),
(52, '3456.00', 1),
(52, '3456.00', 2),
(53, '34567.00', 1),
(53, '34567.00', 2),
(54, '3456.00', 1),
(54, '3456.00', 2),
(55, '3456.00', 1),
(55, '3456.00', 2),
(56, '23456.00', 1),
(56, '23456.00', 2),
(57, '456.00', 1),
(57, '456.00', 2),
(58, '34567.00', 1),
(58, '34567.00', 2),
(59, '345.00', 1),
(59, '345.00', 2),
(60, '3456.00', 1),
(60, '3456.00', 2),
(61, '34567.00', 1),
(61, '34567.00', 2),
(62, '3456.00', 1),
(62, '3456.00', 2),
(63, '3456.00', 1),
(63, '3456.00', 2),
(64, '435.00', 1),
(64, '435.00', 2),
(65, '3456.00', 1),
(65, '3456.00', 2),
(66, '345.00', 1),
(66, '345.00', 2),
(67, '3456.00', 1),
(67, '3456.00', 2),
(68, '345.00', 1),
(68, '345.00', 2),
(69, '3456.00', 1),
(69, '3456.00', 2),
(70, '456.00', 1),
(70, '456.00', 2),
(71, '3456.00', 1),
(71, '3456.00', 2),
(72, '2345.00', 1),
(72, '2345.00', 2),
(73, '345.00', 1),
(73, '345.00', 2),
(74, '3456.00', 1),
(74, '3456.00', 2),
(75, '3456.00', 1),
(75, '3456.00', 2),
(76, '3456.00', 1),
(76, '3456.00', 2),
(77, '89.00', 1),
(77, '89.00', 2),
(78, '98.00', 1),
(78, '98.00', 2),
(79, '3456.00', 1),
(79, '3456.00', 2),
(80, '4567.00', 1),
(80, '4567.00', 2),
(81, '456.00', 1),
(81, '456.00', 2),
(82, '45.00', 1),
(82, '45.00', 2),
(83, '567.00', 1),
(83, '567.00', 2),
(84, '567.00', 1),
(84, '567.00', 2),
(85, '56.00', 1),
(85, '56.00', 2),
(86, '7567.00', 1),
(86, '7567.00', 2),
(87, '547.00', 1),
(87, '547.00', 2),
(88, '547.00', 1),
(88, '547.00', 2),
(89, '56.00', 1),
(89, '56.00', 2),
(90, '567.00', 1),
(90, '567.00', 2),
(91, '457.00', 1),
(91, '457.00', 2),
(92, '457.00', 1),
(92, '457.00', 2),
(93, '567.00', 1),
(93, '567.00', 2),
(94, '463.00', 1),
(94, '463.00', 2),
(95, '456.00', 1),
(95, '456.00', 2),
(96, '456.00', 1),
(96, '456.00', 2),
(97, '436.00', 1),
(97, '436.00', 2),
(98, '456.00', 1),
(98, '456.00', 2),
(99, '436.00', 1),
(99, '436.00', 2),
(100, '45.00', 1),
(100, '45.00', 2),
(101, '45.00', 1),
(101, '45.00', 2),
(102, '456.00', 1),
(102, '456.00', 2),
(103, '45.00', 1),
(103, '45.00', 2),
(104, '456.00', 1),
(104, '456.00', 2),
(105, '436.00', 1),
(105, '436.00', 2),
(106, '456.00', 1),
(106, '456.00', 2),
(107, '3456.00', 1),
(107, '3456.00', 2),
(108, '436.00', 1),
(108, '436.00', 2),
(109, '1.00', 1),
(110, '1.00', 1),
(111, '1.00', 1),
(112, '1.00', 1),
(113, '1.00', 1),
(114, '1.00', 1),
(115, '1.00', 1),
(116, '1.00', 1),
(117, '1.00', 1),
(118, '1.00', 1),
(119, '1.00', 1),
(120, '1.00', 1),
(121, '123.00', 2),
(122, '123.00', 2),
(123, '123.00', 2),
(124, '123.00', 2),
(125, '123.00', 2),
(126, '123.00', 2),
(127, '123.00', 2),
(128, '123.00', 2),
(129, '123.00', 2),
(130, '123.00', 2),
(131, '1231.00', 2),
(132, '123.00', 2),
(133, '123.00', 2),
(134, '123.00', 2),
(135, '123.00', 2),
(136, '123.00', 2),
(137, '123.00', 2),
(138, '123.00', 2),
(139, '123.00', 2),
(140, '123.00', 2),
(141, '23.00', 2),
(142, '123.00', 2),
(143, '23.00', 2),
(144, '2554.00', 2);

--
-- Indexes for dumped tables
--

--
-- Indexes for table `tb_account`
--
ALTER TABLE `tb_account`
 ADD PRIMARY KEY (`acc_id`), ADD KEY `group_id` (`group_id`), ADD KEY `parent_acc_id` (`parent_acc_id`);

--
-- Indexes for table `tb_division`
--
ALTER TABLE `tb_division`
 ADD PRIMARY KEY (`division_id`), ADD KEY `parent_division` (`parent_division`);

--
-- Indexes for table `tb_group`
--
ALTER TABLE `tb_group`
 ADD PRIMARY KEY (`group_id`), ADD KEY `type_id` (`type_id`);

--
-- Indexes for table `tb_month`
--
ALTER TABLE `tb_month`
 ADD PRIMARY KEY (`month_id`);

--
-- Indexes for table `tb_month_goal`
--
ALTER TABLE `tb_month_goal`
 ADD PRIMARY KEY (`acc_id`,`month_id`,`year`,`user_id`,`division_id`), ADD UNIQUE KEY `month_goal_id` (`month_goal_id`), ADD KEY `month_id` (`month_id`), ADD KEY `user_id` (`user_id`), ADD KEY `division_id` (`division_id`);

--
-- Indexes for table `tb_position`
--
ALTER TABLE `tb_position`
 ADD PRIMARY KEY (`position_id`);

--
-- Indexes for table `tb_profile_fill`
--
ALTER TABLE `tb_profile_fill`
 ADD PRIMARY KEY (`owner_div_id`,`division_id`), ADD KEY `division_id` (`division_id`);

--
-- Indexes for table `tb_section`
--
ALTER TABLE `tb_section`
 ADD PRIMARY KEY (`section_id`);

--
-- Indexes for table `tb_type`
--
ALTER TABLE `tb_type`
 ADD PRIMARY KEY (`type_id`);

--
-- Indexes for table `tb_user`
--
ALTER TABLE `tb_user`
 ADD PRIMARY KEY (`user_id`), ADD KEY `division_id` (`division_id`), ADD KEY `position_id` (`position_id`);

--
-- Indexes for table `tb_version`
--
ALTER TABLE `tb_version`
 ADD PRIMARY KEY (`month_goal_id`,`version`);

--
-- AUTO_INCREMENT for dumped tables
--

--
-- AUTO_INCREMENT for table `tb_account`
--
ALTER TABLE `tb_account`
MODIFY `acc_id` int(11) NOT NULL AUTO_INCREMENT COMMENT 'รหัสบัญชี ',AUTO_INCREMENT=99;
--
-- AUTO_INCREMENT for table `tb_division`
--
ALTER TABLE `tb_division`
MODIFY `division_id` int(11) NOT NULL AUTO_INCREMENT COMMENT 'รหัสฝ่าย',AUTO_INCREMENT=149;
--
-- AUTO_INCREMENT for table `tb_group`
--
ALTER TABLE `tb_group`
MODIFY `group_id` int(11) NOT NULL AUTO_INCREMENT COMMENT 'รหัสหมวด',AUTO_INCREMENT=5;
--
-- AUTO_INCREMENT for table `tb_month`
--
ALTER TABLE `tb_month`
MODIFY `month_id` int(11) NOT NULL AUTO_INCREMENT COMMENT 'ลำดับเดือน',AUTO_INCREMENT=13;
--
-- AUTO_INCREMENT for table `tb_month_goal`
--
ALTER TABLE `tb_month_goal`
MODIFY `month_goal_id` int(11) NOT NULL AUTO_INCREMENT COMMENT 'รหัสเป้าหมายรายเดือน',AUTO_INCREMENT=145;
--
-- AUTO_INCREMENT for table `tb_position`
--
ALTER TABLE `tb_position`
MODIFY `position_id` int(11) NOT NULL AUTO_INCREMENT COMMENT 'รหัสตำแหน่ง',AUTO_INCREMENT=4;
--
-- AUTO_INCREMENT for table `tb_type`
--
ALTER TABLE `tb_type`
MODIFY `type_id` int(11) NOT NULL AUTO_INCREMENT COMMENT 'รหัสประเภท',AUTO_INCREMENT=3;
--
-- AUTO_INCREMENT for table `tb_user`
--
ALTER TABLE `tb_user`
MODIFY `user_id` int(11) NOT NULL AUTO_INCREMENT COMMENT 'รหัสสมาชิก',AUTO_INCREMENT=16;
/*!40101 SET CHARACTER_SET_CLIENT=@OLD_CHARACTER_SET_CLIENT */;
/*!40101 SET CHARACTER_SET_RESULTS=@OLD_CHARACTER_SET_RESULTS */;
/*!40101 SET COLLATION_CONNECTION=@OLD_COLLATION_CONNECTION */;
